{
  "main": {
    "id": "f5da0543aad6b387",
    "type": "split",
    "children": [
      {
        "id": "49b8fc1e8e77241a",
        "type": "tabs",
        "children": [
          {
            "id": "669db99349904fb7",
            "type": "leaf",
            "state": {
              "type": "markdown",
              "state": {
                "file": "Stochastic processes project.md",
                "mode": "source",
                "source": false
              }
            }
          },
          {
            "id": "bb50c40fc5f7b800",
            "type": "leaf",
            "state": {
              "type": "markdown",
              "state": {
                "file": "הרצאה 2.md",
                "mode": "source",
                "source": false
              }
            }
          },
          {
            "id": "98594808b3d23f7f",
            "type": "leaf",
            "state": {
              "type": "markdown",
              "state": {
                "file": "notes for conversation.md",
                "mode": "source",
                "source": false
              }
            }
          },
          {
            "id": "bcb6290ab11fcbd9",
            "type": "leaf",
            "state": {
              "type": "markdown",
              "state": {
                "file": "Additions for stochastic processes project.md",
                "mode": "source",
                "source": false
              }
            }
          },
          {
            "id": "4e7bde43078d3e79",
            "type": "leaf",
            "state": {
              "type": "markdown",
              "state": {
                "file": "הנעה רקטית תרגול 1.md",
                "mode": "source",
                "source": false
              }
            }
          }
        ],
        "currentTab": 2
      }
    ],
    "direction": "vertical"
  },
  "left": {
    "id": "c1111ac4eef1d9e4",
    "type": "split",
    "children": [
      {
        "id": "d32f7730dc25cbd9",
        "type": "tabs",
        "children": [
          {
            "id": "62d096ec932e9855",
            "type": "leaf",
            "state": {
              "type": "file-explorer",
              "state": {
                "sortOrder": "alphabetical"
              }
            }
          },
          {
            "id": "21b4ff65a9c02a6c",
            "type": "leaf",
            "state": {
              "type": "search",
              "state": {
                "query": "tag:#addexplenation",
                "matchingCase": false,
                "explainSearch": false,
                "collapseAll": false,
                "extraContext": false,
                "sortOrder": "alphabetical"
              }
            }
          },
          {
            "id": "c91ba02e1db12c26",
            "type": "leaf",
            "state": {
              "type": "starred",
              "state": {}
            }
          }
        ],
        "currentTab": 1
      }
    ],
    "direction": "horizontal",
    "width": 200,
    "collapsed": true
  },
  "right": {
    "id": "221f72bdc9f6c686",
    "type": "split",
    "children": [
      {
        "id": "3d0ee168936ff24b",
        "type": "tabs",
        "children": [
          {
            "id": "c0a9d0050243c18b",
            "type": "leaf",
            "state": {
              "type": "backlink",
              "state": {
                "file": "notes for conversation.md",
                "collapseAll": false,
                "extraContext": false,
                "sortOrder": "alphabetical",
                "showSearch": false,
                "searchQuery": "",
                "backlinkCollapsed": false,
                "unlinkedCollapsed": true
              }
            }
          },
          {
            "id": "76e826596befbf51",
            "type": "leaf",
            "state": {
              "type": "outgoing-link",
              "state": {
                "file": "notes for conversation.md",
                "linksCollapsed": false,
                "unlinkedCollapsed": true
              }
            }
          },
          {
            "id": "e7a6923f72bb0588",
            "type": "leaf",
            "state": {
              "type": "tag",
              "state": {
                "sortOrder": "frequency",
                "useHierarchy": true
              }
            }
          },
          {
            "id": "22e2fd66c7b839f3",
            "type": "leaf",
            "state": {
              "type": "outline",
              "state": {
                "file": "notes for conversation.md"
              }
            }
          }
        ]
      }
    ],
    "direction": "horizontal",
    "width": 300,
    "collapsed": true
  },
  "left-ribbon": {
    "hiddenItems": {
      "switcher:Open quick switcher": false,
      "graph:Open graph view": false,
      "canvas:Create new canvas": false,
      "daily-notes:Open today's daily note": false,
      "templates:Insert template": false,
      "command-palette:Open command palette": false
    }
  },
  "active": "98594808b3d23f7f",
  "lastOpenFiles": [
    "Pasted image 20230401094121.png",
    "Additions for stochastic processes project.md",
    "Untitled.md",
    "Pasted image 20230401094105.png",
    "הרצאה 2.md",
    "notes for conversation.md",
    "Stochastic processes project.md",
    "הנעה רקטית תרגול 1.md",
    "Pasted image 20230329163623.png",
    "Pasted image 20230329121253.png",
    "Pasted image 20230329120525.png",
    "Pasted image 20230329120336.png",
    "Pasted image 20230329115345.png",
    "Pasted image 20230329114729.png",
    "Pasted image 20230328200244.png",
    "Pasted image 20230328200219.png",
    "Pasted image 20230328200143.png",
    "Notes for stochastic processes.md"
  ]
}